{
  "signal_var": 0.41642681010467003,
  "input_var": 0.010000000000000002,
  "lengthscale": 0.20518666031340244,
  "lower_bound": [
    0.0,
    0.0,
    0.0
  ],
  "upper_bound": [
    1.0,
    1.0,
    1.0
  ],
  "input_dim": 3,
  "g_opt": 2.9710769417508596,
  "x_opt": [
    0.11728554, 0.56940675, 0.83030156
  ]
}