{
  "signal_var": 3.5859929124398704,
  "input_var": 0.0009,
  "lengthscale": 0.015286032995353792,
  "lower_bound": [
    0.0
  ],
  "upper_bound": [
    1.0
  ],
  "input_dim": 1,
  "g_opt": 0.8713813694819812,
  "x_opt": [
    0.3157128
  ]
}