{
  "signal_var": 4774.564023153678,
  "input_var": 0.36,
  "lengthscale": 0.7933294319881934,
  "lower_bound": [
    -0.95,
    -0.45
  ],
  "upper_bound": [
    3.2,
    4.4
  ],
  "input_dim": 2,
  "g_opt": -7.342153167007423,
  "x_opt": [
    0.2672007, 0.67455068
  ]
}