{
  "signal_var": 0.053523025655830926,
  "input_var": 0.010000000000000002,
  "lengthscale": 0.1407466452973222,
  "lower_bound": [
    0.0, 0.0
  ],
  "upper_bound": [
    1.0, 1.0
  ],
  "input_dim": 2,
  "g_opt": 0.40011524290759976,
  "x_opt": [
    0.20029798, 0.20022463
  ]
}