{
  "signal_var": 1.9381163981599545,
  "input_var": 0.0025000000000000005,
  "lengthscale": 0.09734652751173486,
  "lower_bound": [
    0.0
  ],
  "upper_bound": [
    1.0
  ],
  "input_dim": 1,
  "g_opt": 1.0420984664527007,
  "x_opt": [
    0.31111868
  ]
}